赠送礼物（不喜欢）,,,唔，我不太喜欢这个。,,林风3,,,,,,好感+0,
赠送礼物（一般）,,,送我的？谢谢你！,,林风4,,,,,,好感+1,
赠送礼物（喜欢）,,,我要这个！送我！……欸？真的送我？,,,,,,,,好感+2,

1,林风,,生日啊？,
1,林风,,是12月8号！,,林风4,
1,林风,,你会陪我过生日的对不对？,,林风8,

2,林风,,打打游戏看看剧，还喜欢出去玩……诶呀我什么都喜欢啦。,,,,,,,
2,林风,,你问我天天摆弄的那些小铁片和纸片是什么？,,林风2,
2,林风,,呃……是谷子！周边！,,林风6,
2,林风,,我也没有买多少……,,林风3,
2,,,真的！,,林风6,

3,林风,,高中的事？,,,,,,,好感度.林风.≥.35,
3,林风,,我是不怎么记得了，但是我的朋友们经常会跟我讲。,
3,林风,,当然是高中时候的朋友啊！,,林风2,
3,,,不过你要是想听，我也可以偷偷跟你讲！,,林风4,

4,1,林风,,高中的事？,,,,,,,好感度.林风.≥.35,
4,2,林风,,我是不怎么记得了，但是我的朋友们经常会跟我讲。,
4,3,林风,,当然是高中时候的朋友啊！,,林风2,
4,4,林风,,不过你要是想听，我也可以偷偷跟你讲！,,林风4,

5,林风,,打游戏看剧？其实我挺想追追线下、听听演唱会的。,,,,,,,好感度.林风.≥.45,
5,林风,,唉，NQU怎么这么坏。,,林风6,
5,林风,,只在学校里呆着简直要憋死我了。,,林风9,

6,林风,,喜欢雪碧胜过可乐的没品死宅。,,林风6,,,,,好感度.林风.≥.50,
,林风,,还听不懂我唱的歌。,,林风6,

6,林风,,超级自律，超级优秀，并且会把作业给我抄！,,林风4,,,,,好感度.林风.≥.50,
6,林风,,……不过她哪儿来这么多精力啊。,,林风9,

7,林风,,你人超好的！长得也好看唱歌也好听！,,林风4,,,,,好感度.林风.≥.50,

8,林风,,他其实对我们还挺好的，但是我还是有点怕他……,,林风3,,,,,好感度.林风.≥.50,
8,林风,,可能因为他太push了吧。,,林风9,
