第六周 周三早上区域,,,,,,,,,10月12日
49,1,安澜,教室,早……早上好。,,安澜2,
49,2,（=pn）,教室,,早啊。,,,,,,,,安澜.好感度+5,
49,3,林风,教室,哦哈哟！,
49,4,弗洛,教室,……,
49,5,纪远行,教室,早。,,,,,,,,,,,,,,,,,,安澜离开了,
50,1,林风,教室,那位同学是谁来着，怎么自己坐在后排的角落里。,,林风3,
50,2,纪远行,教室,那是我们的同班同学安澜。,
50,3,弗洛,教室,直觉告诉我她很危险。,,弗洛5,
50,4,林风,教室,上次直觉告诉弗洛那天适合抽卡，结果大保底了。,,林风4,
50,5,弗洛,教室,……,,弗洛6,
50,6,（=pn）,教室,,原来你们都不认识她。,PC5,
50,7,学业导师,教室,同学们，本周我们将会布置一个小组作业，最多六人。,
50,8,学业导师,教室,本次小组作业算进期末成绩的10％，请在下周之前交上来。,
50,,,,,,,手机消息提示,
50,9,手机屏幕(NQChat)寰枢AI,教室,已为您下调本周末委托派遣优先级。,
4,1,,,,,,黑屏淡入，0.5,
4,1,,,,,,播放声音:下课铃声,
4,2,,,,,,跳转时间:9；00,
4,1,,,,,,黑屏淡出，0.5,
51,1,纪远行,教室,周末一起去图书馆做小组作业吧。,
51,2,弗洛,教室,我没意见。,
51,3,安澜,教室,怎么了前辈？,
51,4,（=pn）,教室,,你的室友呢？|你找到小组了吗？,
51,5,安澜,教室,室友都不是本专业的，所以只有我一个人...,,安澜2,
51,6,（=pn）,教室,,要不加入我们组吧，反正最多六人。,
51,7,安澜,教室,真的可以吗？,,安澜4,
51,8,（=pn）,教室,,没问题！我的室友人都很好的！,
51,9,安澜,教室,太感谢了前辈。,,安澜3,
51,10,纪远行,教室,安澜同学是不是还没找到小组？,
51,11,（=pn）,教室,,没错，我刚想和你们说加她一个来着。,
51,12,林风,教室,同意！,
51,13,弗洛,教室,……我没意见。,,弗洛5,
51,14,纪远行,教室,多一个人就少一点工作。,
51,15,（=pn）,教室,,那我们建个群吧！,PC6,,,
51,16,手机屏幕（小组作业）,手机屏幕,（弗洛、林风、纪远行、（=pn）加入群聊）,
51,17,手机屏幕（小组作业）,手机屏幕,（（=pn）邀请安澜加入群聊）,
51,18,手机屏幕（小组作业）纪远行,手机屏幕,欢迎,
51,19,手机屏幕（小组作业）林风,手机屏幕,欢迎,
51,20,手机屏幕（小组作业）弗洛,手机屏幕,欢迎,,
51,21,（=pn）,手机屏幕,,欢迎,
51,22,手机屏幕（小组作业）安澜,手机屏幕,谢谢大家！,
