59,1,安澜,北桥楼门口,……,,,,,,,,,,,,,,,,,,,,,,,,,,,,10-23
59,2,弗洛,北桥楼门口,……,
59,3,（=pn）,北桥楼门口,,弗洛？？？|安澜？？？,,,1|2,,Semester_08,
1,1,弗洛,北桥楼门口,你好啊，可靠的队友。,,弗洛8,,:61,,Semester_08,
2,1,安澜,北桥楼门口,前辈……,,,,:61,,Semester_08,
61,1,弗洛,北桥楼门口,……总有一种我们今天聚在这里是命中注定的感觉。,,弗洛5,
61,2,（=pn）,北桥楼门口,,原来可靠的队友就是你们。,
61,3,弗洛,北桥楼门口,不止我们，纪远行和林风那一队已经从另一侧出发了。,
61,4,（=pn）,北桥楼门口,,你们都加入指令协会了？,
61,5,弗洛,北桥楼门口,为了拯救世界？,,弗洛5,
61,6,弗洛,北桥楼门口,不过我也是刚刚才知道那两位也入坑了。,
61,7,寰枢AI,北桥楼门口,团队集结成功，本次任务是在保证安全的前提下尽可能探索北桥楼高层。,
61,8,寰枢AI,北桥楼门口,我会提供最优路线并分析失序溢出源头。,
61,9,弗洛,北桥楼门口,工具人复活了？,,弗洛7
61,10,（=pn）,北桥楼门口,,我们也出发吧。,
61,11,寰枢AI,北桥楼门口,再次警告，本次为高危委托，注意安全。,
61,12,寰枢AI,北桥楼门口,情形危机时我会通知撤离，请注意。,
,,,,,,,黑屏淡入，0.5|场景切换:ClassHallWay Scene，20;-6|显示文本=正在进入第一层|黑屏淡出，0.5,
62,1,（=pn）,北桥楼一层,（一楼的失序体之前清除完了……）,,PC5,
62,2,（=pn）,北桥楼一层,（直接去第二层吧。）,
,,,,,,,黑屏淡入，0.5|显示文本=正在进入第二层|黑屏淡出，0.5,
63,1,寰枢AI,北桥楼二层,第二层失序化个体危险系数较低，但数量较多，务必注意安全。,
63,2,弗洛,北桥楼二层,怎么会这么多？,,PC3,
63,3,安澜,北桥楼二层,失序后他们的意识只能循环指令，好痛苦……,,安澜2,
63,4,（=pn）,北桥楼二层,,我们来帮他们解脱吧！,
,,,,,,,黑屏淡入，0.5|显示文本=激烈战斗中.....|黑屏淡出，0.5,
64,1,弗洛,北桥楼二层,轻轻松松。,
64,2,（=pn）,北桥楼二层,弗洛的指令好厉害！,,PC3,
64,3,（=pn）,北桥楼二层,安澜刚刚差点被攻击到，然后突然就回到我们身边了。,,PC3,
64,4,弗洛,北桥楼二层,RollBack可以对个个体进行状态回溯，甚至是失序值回溯。,
64,5,（=pn）,北桥楼二层,,那我们岂不是无敌了！,PC3,
64,6,弗洛,北桥楼二层,并不，RollBack是被动指令，只有达到条件才能使用。,
64,7,弗洛,北桥楼二层,失序值。每次作用范围与失序值成正比，人类或是失序体的。,
64,8,弗洛,北桥楼二层,根本想象不到大范围发动需要什么条件……,,弗洛5,,,
64,9,安澜,北桥楼二层,刚刚……谢谢你。,
64,10,弗洛,北桥楼二层,……没事。,,弗洛5,
,,,,,,,黑屏淡入，0.5|显示文本=正在进入第三层|黑屏淡出，0.5,
65,1,寰枢AI,北桥楼三层,结合情报与现场勘测，二层以上出现大量失序溢出伴随的数据生命，请小心。,
,,,,,,,黑屏淡入，0.5|显示文本=激烈战斗中.....|黑屏淡出，0.5,
66,1,弗洛,北桥楼三层,呼……都解决了。,
66,2,弗洛,北桥楼三层,像爬塔。,,弗洛5,
66,3,安澜,北桥楼三层,被打败的数据生命变成了红色代码，飘向了更高楼层的某处……,,安澜4,
66,4,（=pn）,北桥楼三层,,这两层的怪物和我们那天遇到的一样……,PC7,
66,5,弗洛,北桥楼三层,好在单体并不强。,
66,6,安澜,北桥楼三层,我刚刚标记了一部分红色乱码，追踪到源头大概在第五层。,
,,,,,,,黑屏淡入，0.5|显示文本=正在进入第四层|黑屏淡出，0.5,
67,1,（=pn）,北桥楼四层,（这一层好像没有失序体。）,,PC5,
67,2,（=pn）,北桥楼四层,（前往下一层吧。）,
,,,,,,,黑屏淡入，0.5|显示文本=正在进入第五层|黑屏淡出，0.5,
68,1,安澜,北桥楼五层,就在附近。,
68,2,弗洛,北桥楼五层,这里环境中的失序值异常的高……,,弗洛3,
68,3,弗洛,北桥楼五层,刚来到这里就达成了RollBack的触发条件。,,弗洛5,
68,4,安澜,北桥楼五层,源头就在这层走廊的尽头。,
68,5,（=pn）,北桥楼五层,,是那间教室。,PC4,
68,6,旁白,北桥楼五层,红色的乱码如同拥有生命一般密密麻麻的攀附在门上。,
68,7,旁白,北桥楼五层,他们争先恐后般从狭小的门缝中涌入。,
68,8,弗洛,北桥楼五层,这里很危险……,,弗洛3,
68,9,弗洛,北桥楼五层,先通知学姐和寰枢吧。,
68,10,（=pn）,北桥楼五层,打开手机（乱码从四面八方涌入手机屏幕的动画）,
68,11,（=pn）,北桥楼五层,,手机被红色乱码侵入了!,PC3,
68,12,安澜,北桥楼五层,我的标记突然消失了……,,安澜4,
68,13,安澜,北桥楼五层,不对，一个、三个、七个……,,安澜4,
68,14,安澜,北桥楼五层,周围突然出现了……至少20个失序溢出的源头？,,安澜4,
68,15,弗洛,北桥楼五层,周围环境的失序值升高了。,,弗洛3,
68,16,弗洛,北桥楼五层,小心。,,弗洛3,
,,,,,,,黑屏淡入，0.5|显示文本=激烈战斗中.....|黑屏淡出，0.5,
69,1,弗洛,北桥楼五层,已经第七波了……,,弗洛3,
69,2,（=pn）,北桥楼五层,,手机还是联系不到外面。,PC4,
69,3,安澜,北桥楼五层,这些失序体，会复活……,,安澜4,
69,4,安澜,北桥楼五层,在被打败后标记会消失一段时间在其他位置重新出现。,,安澜4,
69,5,弗洛,北桥楼五层,刚刚逃到楼梯后，不管上下楼都会回到这里。,,弗洛5,
69,6,（=pn）,北桥楼五层,,我们进来多长时间了？,PC4,
69,7,安澜,北桥楼五层,大概一个小时左右。,
69,8,弗洛,北桥楼五层,他们又冲过来了。,,弗洛9,
,,,,,,,黑屏淡入，0.5|显示文本=激烈战斗中.....|黑屏淡出，0.5,
70,1,弗洛,北桥楼五层,（=pn），我们是几点到这层的？,,,,,,,,,,,,,,,,,,,,时间是进入第五层的时间+四个小时,
70,2,（=pn）,北桥楼五层,,你也发现了吗。,PC4,
70,3,安澜,北桥楼五层,我要撑不住了……,,安澜2,
70,4,弗洛,北桥楼五层,外面的天空毫无变化。,,弗洛5,
70,5,弗洛,北桥楼五层,而且这些失序体的生成都是有规律的。,
70,6,安澜,北桥楼五层,你们的意思是?,,安澜4,
70,7,（=pn）,北桥楼五层,,这里的一切都是假的。|除了我们一切都在重复。,
70,8,弗洛,北桥楼五层,我们被困在了这个楼层的循环之中。,,弗洛5,
70,9,弗洛,北桥楼五层,所以RollBack也只能回到这里。,,弗洛5,
70,10,弗洛,北桥楼五层,我有办法了。,
,,,,,,,黑屏淡入，0.5|显示文本=激烈战斗中.....|黑屏淡出，0.5,
71,1,弗洛,北桥楼五层,"(=pn),左边！",
71,2,（=pn）,北桥楼五层,,解决了……,PC4,
71,3,弗洛,北桥楼五层,再坚持两个波次。,
71,4,安澜,北桥楼五层,前辈，我要不行了……,,安澜2,
,,,,,,,黑屏淡入，0.5|显示文本=激烈战斗中.....|黑屏淡出，0.5,
72,1,弗洛,北桥楼五层,进入波次的空隙了，就是现在。,,弗洛5,
72,2,弗洛,北桥楼五层,和我一起跳出去！,
72,3,（=pn）,北桥楼五层,,（外面的天空，都是贴图？）|（我们落在了...地面上？）,PC7,
72,4,安澜,北桥楼五层,标记突然出现了，循环被有意加快了……,
72,5,安澜,北桥楼五层,那些失序体也追过来了。,
72,6,弗洛,北桥楼五层,RollBack还不能使用，我们要逃到贴图覆盖之外。,
,,,,,,,自动移动:-16;-7,
73,1,安澜,北桥楼五层,他们又被加快了……,
73,2,弗洛,北桥楼五层,再坚持一下，马上就到了。,
73,3,安澜,北桥楼五层,这次...我来，拖住他们。,,安澜5,
73,4,安澜,北桥楼五层,StackTrace！,,安澜5,
73,5,（=pn）,北桥楼五层,,安澜！,PC9,
73,6,弗洛,北桥楼五层,快走！她强行引爆了自己的所有标记。,,弗洛5,
73,7,弗洛,北桥楼五层,只要我们出去了一切就还有回旋余地。,,弗洛3,
73,8,（=pn）,北桥楼五层,,循环又被加快了，他们重新生成了。,PC4,
73,9,弗洛,北桥楼五层,简直是BUG。,,弗洛9,
73,10,弗洛,北桥楼五层,但我讨厌BUG。,,,,,,,任务完成:0000701,
,,,,,,,黑屏淡入，0.5|显示文本=RollBack。|黑屏淡出，0。5,Semester_sx_08_1,