2,1,男主持人,操场,尊敬的领导、老师，亲爱的同学们……,,,跳转时间:9:00,
2,2,女主持人,操场,金秋时节，硕果飘香！我们怀着激动的心情……,
2,3,(=pn),操场,,好无聊。,PC5,,
2,4,(=pn),操场,(弗洛望着远处的云彩神游天外。),,PC5,
2,5,(=pn),操场,（林风快睡着了。）,,PC5,
2,6,(=pn),操场,（纪远行听的好认真？！）,,PC2,
2,7,女主持人,操场,"下面我宣布，开学典礼,正式开始!",
2,8,(=pn),操场,,(鼓掌),
2,9,女主持人,操场,,有请校长上台为新生致辞！,
2,10,男主持人,操场,……,
2,11,(=pn),操场,,好安静啊。|我卡了吗？,PC5,
2,12,女主持人,操场,同学们，请稍等。,
2,13,旁白,操场,两名主持人匆忙下台。,
2,14,弗洛,操场,发生什么事了？,
2,15,林风,操场,校长失踪了？,
2,16,纪远行,操场,应该是有什么突发情况吧。,
,,,,,,,黑屏淡入，1.0|显示文本=半小时后...|跳转时间:10:00|黑屏淡出，1.0
2,18,林风,操场,我们已经等到快中午了。,,林风3,
2,19,弗洛,操场,我饿了……,弗洛6
2,20,宁芷,操场,同学们，流程交接出现了一些问题，请耐心等待。,,宁芷1,
2,21,(=pn),操场,（学姐神色紧张的走了。）,,PC5,
2,22,(=pn),操场,（看起来很严肃的样子。）,,PC5,
2,23,林风,操场,难道说……,,林风3,
2,24,林风,操场,开学第一天，就发生了失序化事件!,,林风4,
2,25,弗洛,操场,……,,弗洛6,
2,26,纪远行,操场,不会这么巧吧？,,纪远行2,
2,27,(=pn),操场,,（这个人好可怕……）,PC5,
2,28,林风,操场,开玩笑的，不过不知道又要等多长时间了。,
2,29,弗洛,操场,食堂去晚了又要排长队。,,11,弗洛6,,
2,30,(=pn),操场,（开学典礼一时半会儿不会继续了。）,,PC5,
2,31,(=pn),操场,（少一个人谁也不会发现的。）,,PC5,
2,32,(=pn),操场,,那我先跑路去食堂！,PC6,
2,33,林风,操场,带份饭谢谢。,
2,34,弗洛,操场,加一。,
2,35,纪远行,操场,十分感谢。,,,,,,,接受任务:0000102,
