,,,,,,,自动移动:59;37,
8,1,???,宿舍楼外,同学们请排好队。,
8,2,(=pn),宿舍楼外,,好耳熟的声音……,PC2,
8,3,林风,宿舍楼外,不会吧……,,林风2,
8,4,弗洛,宿舍楼外,是那个看起来很严肃的老头子。,
8,5,(=pn),宿舍楼外,,他就是学校的三名代理管理者之一？,PC7,
8,6,纪远行,宿舍楼外,没错，也是我们的学业导师。,
8,7,时纪,宿舍楼外,大家好，我就是你们未来四年的学业导师时纪。,
8,8,时纪,宿舍楼外,各位不要忘记教务系统选课，有什么事要和我说，请假记得私信……,
8,9,时纪,宿舍楼外,对了，最近北桥楼在施工，同学们不要往那边跑……,
8,1,,,,,,黑屏淡入，0.5,
8,1,,,,,,显示文本=学业导师劈里啪啦讲了好久....好久....。,
8,1,,,,,,黑屏淡出，0.5,
8,9,林风,宿舍楼外,终于讲完了。,,林风3,
8,10,(=pn),宿舍楼外,,我现在相信他在开学典礼讲半个小时了……,PC10,
8,11,纪远行,宿舍楼外,回去好好休息下，准备迎接明天的军训吧。,,,,,,,任务完成;0000103,