17,1,宁芷,去办公室的路上,学妹有心仪的社团吗。,
17,2,宁芷,去办公室的路上,我们学校的社团活动还是很丰富的。,
17,3,（=pn）,去办公室的路上,,有的有的。|暂时还没。,
17,4,宁芷,去办公室的路上,有什么问题都可以来问我哦，我还是社团联合会会长。,
17,5,（=pn）,去办公室的路上,,学姐好厉害，身兼数职。,
,,,,,,,黑屏淡入，0.5,
,,,,,,,显示文本=正在跟随学姐前往办公室.....,
,,,,,,,场景切换:ClassHallWay Scene，26;-8,
,,,,,,,黑屏淡出，0.5,
18,6,宁芷,去办公室的路上,我们到了，来这里吧。,
,,,,,,,黑屏淡入，0.5,
,,,,,,,播放声音:开门声,
,,,,,,,场景切换:office Scene，0;-5,
,,,,,,,黑屏淡出，0.5,
19,1,宁芷,办公室,你那天应该有偷听到个大概吧？,
19,2,宁芷,办公室,关于失序化事件。,
19,3,（=pn）,办公室,,……|我什么都不知道。|嗯。,PC5
19,4,宁芷,办公室,那你也知道，使用指令是要付出一定代价的吧？,
19,5,宁芷,办公室,失序。,
19,6,宁芷,办公室,失序的物体变得难以理解，失序的生命化作行尸走肉。,
19,7,宁芷,办公室,而最近一周，出现了多个学生失序化的事件。,
19,8,（=pn）,办公室,,……,
19,9,宁芷,办公室,还记得入学通知书上负责指令登记的指令协会吗。,
19,10,宁芷,办公室,他们表面上是负责指令登记管理及监督使用的学生组织。,
19,11,宁芷,办公室,实际上还负责校内一切失序相关事务。,
19,12,宁芷,办公室,他们由校内大部分教职工及小部分指令能力特殊的学生组成。,
19,13,宁芷,办公室,学妹你还有什么想问的吗？,
20,1,（=pn）,办公室,,关于失序。|关于指令协会。|你为什么要告诉我这些？|暂时没有了。,PC5,,1|2|3|4,,Semester_08_1_1,
1,1,宁芷,办公室,失序因指令而起。,
1,2,宁芷,办公室,经研究，目前南桥大学已经实现了将失序量化，即失序值。,
1,3,宁芷,办公室,一个数值，背后却是不同程度的疯狂。,,宁芷1,
1,4,宁芷,办公室,所以最好不要超负荷或短时间内多次使用指令哦。,,,,:20,,Semester_08_1_1,
2,1,宁芷,办公室,指令协会是南桥大学官方组织，负责校内失序相关的绝大多数研究和事件处理。,
2,2,宁芷,办公室,当然，因为是官方组织，所以会给成员结算G3学分哦。,,,,:20,,Semester_08_1_1,,
3,1,宁芷,办公室,我认为你会成为那个能够改变现状的人。,,,,:20,,Semester_08_1_1,,
4,1,宁芷,办公室,那么，我现在以指令协会会长的身份，诚挚邀请你，加入指令协会。,,,,,,,接受任务:0000401,
4,2,宁芷,办公室,不必现在回复我，我希望你能认真考虑过后再做出答复。,
4,3,宁芷,办公室,你是一名成年人，对抗失序也绝非儿戏。,
4,4,宁芷,办公室,选择加入就代表着你将肩负一个绝对不算小的责任。,
4,5,宁芷,办公室,你可以在下周五前给我答复。,
4,1,（=pn）,办公室,,"我加入。|我再考虑考虑。|我知道这么多，不加入会怎么样？",PC5,,5|6|7,,Semester_08_1_1,
22,1,（=pn）,办公室,,"我加入。|我再考虑考虑。|我知道这么多，不加入会怎么样？",PC5,,5|6|7,,Semester_08_1_1,
5,1,宁芷,办公室,比我想象的要快呢，看来你已经做好准备了。,
5,2,宁芷,办公室,欢迎加入我们来一同探寻，世界的真相。,
6,1,宁芷,办公室,可以随时发消息回复我哦~,
6,,,,,,,添加新聊天:Semester_08_2,
7,1,宁芷,办公室,并不会怎么样，这些信息本就不算什么机密。,
7,2,宁芷,办公室,指令协会的存在是为了让那些选择了平静的普通人不会直面失序。,
7,3,宁芷,办公室,也总有一些敢于涉足未知肩负责任的人们愿意去守护这份平静。,,,,:22,,Semester_08_1_1,