剧情节数,对话序号,角色,地点,对话文本,选项,表情拆分,,,first,,任务,,奖励

,第三周周六或周日前往教学区来到指定区域。,,,,,,,,,9月24-25日
31,1,区域触发对话,寰枢AI,北桥楼外侧,到达指定区域，检测到目标失序化个体。,,18,,,
31,2,自动触发对话,（=pn）,北桥楼外侧,,什么声音？,0,PC7,,
31,3,自动触发对话,寰枢AI,北桥楼外侧,您的智能AI助手寰枢（协会特供）。,,17,,,
31,4,自动触发对话,（=pn）,北桥楼外侧,,你还有语音功能?,0,PC5,,
31,5,自动触发对话,（=pn）,北桥楼外侧,,我带下耳机……,0,PC5,,
31,6,自动触发对话,寰枢AI,北桥楼外侧,检测到目标失序化个体位于正前方200米处，实时监测教学区包括您在内存在三人。,,38,,,
战斗结束后,,,,,,,,,,
32,1,自动触发对话,寰枢AI,北桥楼外侧,已通知协会及校医院即时收容失序化个体。,,19,,,
32,2,自动触发对话,寰枢AI,北桥楼外侧,检测到附近有一名学生，目睹战斗过程的可能性为84%。,,26,,,
32,3,自动触发对话,（=pn）,北桥楼外侧,,你怎么不提醒我……,0,PC5,,
32,4,自动触发对话,寰枢AI,北桥楼外侧,检测到您处于战斗状态，决策得出应优先解决失序化个体。,,26,,,
32,5,自动触发对话,寰枢AI,北桥楼外侧,人脸比对成功，目击者为xx级计算机学院计算机科学与技术专业学生安澜。,,34,,xx是被模糊的文字，整成框框,
,6,自动触发对话,安澜,北桥楼外侧,……,,2,,,
,7,自动触发对话,（=pn）,北桥楼外侧,,同学……你好？,0,PC7,,
,8,自动触发对话,安澜,北桥楼外侧,（轻轻点头）,,6,,,
,9,自动触发对话,（=pn）,北桥楼外侧,,不要害怕……,0,PC7,,
,10,自动触发对话,（=pn）,北桥楼外侧,,我是，我是好人。,0,PC3,,
,11,自动触发对话,安澜,北桥楼外侧,……,,2,安澜2,,
,12,自动触发对话,（=pn）,北桥楼外侧,,寰枢，救救我。,0,PC2,,
,13,自动触发对话,寰枢AI,北桥楼外侧,预测安澜同学对你的警戒度为70％。,,17,,,
,14,自动触发对话,安澜,北桥楼外侧,……,,,,,
,15,自动触发对话,寰枢AI,北桥楼外侧,请注意，失序化个体有复苏征兆。,,15,,,
,16,自动触发对话,倒地的失序化学生,北桥楼外侧,溢出……溢出……,,8,,,
,17,自动触发对话,（=pn）,北桥楼外侧,,小心！,0,PC9,,
,战斗结束,,,,,,,,,
33,1,自动触发对话,（=pn）,北桥楼外侧,,你没事吧？,0,PC7,,
,2,自动触发对话,安澜,北桥楼外侧,（如拨浪鼓般摇头）,,9,安澜2,,
,3,自动触发对话,（=pn）,北桥楼外侧,,……她不会吓傻了吧？,0,PC5,,
,4,自动触发对话,寰枢AI,北桥楼外侧,会长和校医即将到达。,,10,,,
,5,自动触发对话,宁芷,北桥楼外侧,（=pn）学妹，你没有受伤吧？,,15,宁芷1,,
,6,自动触发对话,（=pn）,北桥楼外侧,,没有。,0,,,
,7,自动触发对话,（=pn）,北桥楼外侧,,不过……,0,PC7,,
,8,自动触发对话,宁芷,北桥楼外侧,我果然没有看错你，失序化的学生就交给我们了。,,22,,,
,9,自动触发对话,宁芷,北桥楼外侧,你好啊，安澜同学，和我们一起吧，这里还是有些危险。,,25,,,
,10,自动触发对话,安澜,北桥楼外侧,（轻轻点头）,,6,,获得奖励￥100，声望+10,
,,,,,,,跳转场景:A Scene，,
场景跳转到校医院内部。,,,,,,,,,,
34,1,自动触发对话,校医,校医院内部,算上今天的，仅被发现的失序化学生已经有11名。,,23,,,
,2,自动触发对话,校医,校医院内部,往年一学年最多只会出现3名，校医院很久没这么人满为患过了。,,29,,,
,3,自动触发对话,（=pn）,校医院内部,,这些学生……还有救吗？,0,PC7,,
,4,互动触发对话,宁芷,校医院内部,失序值没有MAX前都还有救，只是逆转失序化十分困难。,,26,宁芷1,,
,5,自动触发对话,宁芷,校医院内部,第一名被送来治疗的学生现在也只是恢复了极小一部分意识。,,27,宁芷1,,
,6,自动触发对话,宁芷,校医院内部,今年出现的大规模失序化事件绝对不是多人过量使用指令的巧合。,,29,宁芷1,,
,7,自动触发对话,宁芷,校医院内部,北桥楼内很有可能存在一名完全失序化的失序体，甚至是更坏的情况……,,32,宁芷1,,
,8,自动触发对话,宁芷,校医院内部,如果真的是失序体出现，那最近教学区内应该会出现失序溢出。,,28,,,
35,1,自动触发对话,（=pn）,校医院内部,,失序体？|失序溢出？,0,,后接36_1|36_2,
36_1,1,交互触发对话,宁芷,校医院内部,当人类自身失序值MAX后会完全失序化变成名为失序体的……怪物。,,31,宁芷1,,
,2,自动触发对话,宁芷,校医院内部,我们也只能这样形容他们了。,,13,宁芷1,,
,3,自动触发对话,宁芷,校医院内部,那个时候就是真的回天乏术了。,,14,宁芷1,,
,4,自动触发对话,宁芷,校医院内部,失序体的指令异常强大，对普通人造成的失序也会大幅度增加。,,28,宁芷1,,
36_2,1,交互触发对话,宁芷,校医院内部,失序体自身的失序值达到MAX后使用指令溢出的失序会以不同的形式对周围造成侵蚀。,,39,宁芷1,,
,2,自动触发对话,宁芷,校医院内部,也许是出现有攻击性的数据生命、突然出现的怪异空间或者超自然事件具象化。,,35,宁芷1,,
,3,自动触发对话,宁芷,校医院内部,每一种都会造成极高的失序值累计，对于普通人十分危险。,,26,宁芷1,,
37,1,自动触发对话,（=pn）,校医院内部,,……,0,PC7,,
,2,自动触发对话,安澜,校医院内部,……,,2,,,
,3,自动触发对话,宁芷,校医院内部,安澜同学对吗？你好呀。,,11,,,
,4,自动触发对话,安澜,校医院内部,（点头）,,4,,,
,5,自动触发对话,宁芷,校医院内部,如你所见，处理这些事件就是指令协会真正在做的事。,,24,,,
,6,自动触发对话,宁芷,校医院内部,你的指令很特殊，我想邀请你加入指令协会。,,20,,,
,7,自动触发对话,宁芷,校医院内部,不必现在回复我，我希望你能认真考虑过后在下周五前做出答复。,,29,,,
,8,自动触发对话,宁芷,校医院内部,对抗失序是很危险的事情，希望你能够想清楚之后再决定。,,26,,,
,9,自动触发对话,宁芷,校医院内部,有什么问题也都可以问我或者（=pn）。,,19,,,
,10,自动触发对话,（=pn）,校医院内部,（这番话术怎么这么熟悉。）,,13,PC2,,
,11,自动触发对话,安澜,校医院内部,……,,2,安澜2,,
,12,自动触发对话,宁芷,校医院内部,（=pn）学妹，新朋友怎么样？,,15,,,
,13,自动触发对话,（=pn）,校医院内部,,不太智能，像人工智障。,0,PC5,,
,14,自动触发对话,宁芷,校医院内部,你们要好好相处哦，以后的任务和报酬都由寰枢发布。,,24,,,
,15,自动触发对话,宁芷,校医院内部,安澜同学应该和你在一个寝室楼，麻烦你帮忙把她送回去吧。,,27,,,
,16,自动触发对话,（=pn）,校医院内部,,好。,0,,任务变更,
安澜自动跟随，来到寝室楼外,,,,,,,,,,
38,1,区域触发对话,安澜,寝室楼外,谢谢。,,3,,,
,2,自动触发对话,（=pn）,寝室楼外,,（原来她会说话？）,0,PC5,,
,3,自动触发对话,纪远行,寝室楼外,（=pn），你去哪了？,,11,,,
,4,自动触发对话,（=pn）,寝室楼外,,图书馆。|食堂。,0,PC8,"后接39_1|39_2|39_3
如果是10：30-13：30，17：00-20：00，进入38_2，其他进入38_3",
39_1,1,自动触发对话,纪远行,寝室楼外,这么卷？,,4,纪远行2,,
39_2,1,自动触发对话,纪远行,寝室楼外,早知道让你帮我带饭了。,,11,,,
39_3,1,自动触发对话,纪远行,寝室楼外,这个点去食堂？,,,纪远行2,,
,2,自动触发对话,（=pn）,寝室楼外,,呃。,,PC2,,
40,1,自动触发对话,纪远行,寝室楼外,刚刚那个是我们班的安澜同学吧。,,15,,,
,2,自动触发对话,（=pn）,寝室楼外,,说起来，我怎么对她没什么印象。,0,PC5,,
,3,自动触发对话,纪远行,寝室楼外,她的性格比较内向，可能有点怕生。,,16,,,
,4,自动触发对话,（=pn）,寝室楼外,,怪不得。,0,,,
,5,自动触发对话,（=pn）,寝室楼外,,（你又是怎么知道的？）,0,PC5,任务完成，解锁安澜角色面板,
第四周 周一上午高等数学（逃课无法触发）,,,,,,,,,,9月26日
41,1,区域触发对话,同学1,教室,你有没有发现，校内有些教室会贴上禁止入内的标识。,,24,,,
,2,自动触发对话,同学2,教室,听说那里半夜会出现奇怪的声音……,,16,,,
,3,自动触发对话,同学2,教室,据说是和失序有关。,,9,,,
,4,自动触发对话,同学1,教室,失序？真的有那种东西吗？,,12,,,
,5,自动触发对话,同学2,教室,宁可信其有，不可信其无……,,13,,,
,6,自动触发对话,（=pn）,教室,什么校园怪谈……咦，那是安澜？,,15,PC5,,
安澜进入教室,,,,,,,,,,
,7,自动触发对话,（=pn）,教室,（打个招呼吧）,,7,,,
,8,自动触发对话,（=pn）,教室,,Hi。|今天天气真好。,0,,不管选什么都是好感度+5,
,9,自动触发对话,安澜,教室,（点点头）,,5,安澜2,,
,10,自动触发对话,（=pn）,教室,（她还真是怕生，连座位都在后排不起眼的角落。）,,23,PC5,,
,11,自动触发对话,（=pn）,教室,(不知道她有没有加入协会...),,16,PC5,,
第四周 周五傍晚,,,,,,,,,,9月30号 18：00
42,,,,,手机消息提示,,6,,,
,1,自动触发对话,手机屏幕(NQChat)寰枢AI,手机屏幕,隐秘于角落的失序体在嘶吼咆哮。,,15,,,
,2,自动触发对话,手机屏幕(NQChat)寰枢AI,手机屏幕,藏匿于阴影的失序溢出蠢蠢欲动。,,15,,,
,3,自动触发对话,手机屏幕(NQChat)寰枢AI,手机屏幕,学生在悲鸣，校园在分崩离析！,,14,,,
,4,自动触发对话,（=pn）,手机屏幕,,？,0,,,
,5,自动触发对话,（=pn）,手机屏幕,,说人话,0,,,
,6,自动触发对话,手机屏幕(NQChat)寰枢AI,手机屏幕,新的委托已发布，请您在本周末前往北桥楼清理失序溢出。,,26,,,
,7,自动触发对话,手机屏幕(NQChat)寰枢AI,手机屏幕,教学区将于本周末对普通学生封锁，以确保安全。,,22,,,
,8,自动触发对话,（=pn）,手机屏幕,,我的国庆假期……算了111,0,,,
,9,自动触发对话,手机屏幕(NQChat)寰枢AI,手机屏幕,您不喜欢我的新语言包吗？能否给出修改意见？,,,,,
,10,自动触发对话,（=pn）,手机屏幕,,111,,,接受任务,
第四周 周末 进入复合楼,,,,,,,,,,
43,1,自动触发对话,寰枢AI,北桥楼一层,检测到北桥楼内存在因失序溢出而产生的数据生命，触发战斗概率为90%，请务必小心。,,40,,,
清理完第一层后,,,,,,,,,,
44,1,自动触发对话,（=pn）,北桥楼一层,这都是什么东西……,,9,PC7,,
,2,自动触发对话,（=pn）,北桥楼一层,打败后变成一串串乱码飘走了。,,14,PC7,,
,3,自动触发对话,寰枢AI,北桥楼一层,初步检测到敌方与以往记录的数据生命相似度为28%，与失序体相似度为79%。,,37,,,
,4,自动触发对话,（=pn）,北桥楼一层,失序体也不过如此。,,9,,,
,5,自动触发对话,（=pn）,北桥楼一层,就这？我要打十个！,,9,PC8,,
,6,自动触发对话,寰枢AI,北桥楼一层,目前无法确认敌方是否为失序体。,,15,,,
,7,自动触发对话,寰枢AI,北桥楼一层,"第二层请小心,(=pn)。",,13,,,
进入第二层,,,,,,,,,,
45,1,自动触发对话,寰枢AI,北桥楼二层,无明显失序溢出现象，存在指令战斗痕迹。,,19,,,
,2,自动触发对话,（=pn）,北桥楼二层,,好安静啊。,0,PC5,,
,3,自动触发对话,寰枢AI,北桥楼二层,"警告,检测到较高失序值个体靠近，小心周围！",,21,,,
,4,自动触发对话,？？？,北桥楼二层,（=pn）前辈！请小心！,,12,安澜5,,
进入战斗（角色安澜切换引导）,,,,,,,,,,
46,1,自动触发对话,寰枢AI,北桥楼二层,复合楼失序溢出清理任务完成。,,14,,,
,2,自动触发对话,（=pn）,北桥楼二层,,安澜同学？怎么是你？,0,PC3,,
,3,自动触发对话,安澜,北桥楼二层,前辈，我刚刚在楼上调查……,,,,,
,4,自动触发对话,（=pn）,北桥楼二层,,你也加入协会了？,0,PC3,,
,5,自动触发对话,安澜,北桥楼二层,是的前辈，我去找了宁芷学姐……决定加入指令协会。,,24,安澜2,,
,6,自动触发对话,（=pn）,北桥楼二层,,前，前辈？,0,PC5,,
,7,自动触发对话,安澜,北桥楼二层,……有什么问题吗？,,9,,,
,8,自动触发对话,安澜,北桥楼二层,学姐说你加入的更早，有什么问题都可以问你……,,22,,,
,9,自动触发对话,（=pn）,北桥楼二层,,咳咳，没问题，有什么事情都可以来问我。,0,PC8,,
,10,自动触发对话,（=pn）,北桥楼二层,,我也只比你早一个星期而已啦，而且我们还同级……,0,PC8,,
,11,自动触发对话,寰枢AI,北桥楼二层,检测到（=pn）内啡肽与催产素分泌量升高超过常量。,,25,,,
,12,自动触发对话,（=pn）,北桥楼二层,,你有这么智能吗？！,0,PC4,,
,13,自动触发对话,安澜,北桥楼二层,好……好的。,,6,安澜2,,
,14,自动触发对话,（=pn）,北桥楼二层,(小声)不过我也不介意“前辈”这个称呼。,,20,PC5,,
,15,自动触发对话,（=pn）,北桥楼二层,(第一次见安澜说这么多话唉。),,15,PC5,任务完成，,
,,,,,手机提示音,,5,,,
,17,自动触发对话,手机屏幕(NQChat)宁芷,,任务结束，你们没有受伤吧。,,13,,,
,18,自动触发对话,（=pn）,,,开玩笑，我们超强的！,,,,
,19,自动触发对话,（=pn）,,,当然没有。,,,,
,20,自动触发对话,手机屏幕(NQChat)宁芷,,那就好，辛苦你们两个了。,,12,,,
离开教学楼,,,,,,,,,,
47,1,区域触发对话,安澜,北桥楼外部,……怎么了？,,6,安澜2,,
,2,自动触发对话,（=pn）,北桥楼外部,虽然有点冒昧。,,7,PC5,,
,3,自动触发对话,（=pn）,北桥楼外部,"但我还是很好奇,你的指令是什么?",,16,PC5,,
,4,自动触发对话,（=pn）,北桥楼外部,如果不愿意说也没关系的。,,12,PC2,,
,5,自动触发对话,安澜,北桥楼外部,是StackTrace（堆栈追踪）。,,18,,,
,6,自动触发对话,安澜,北桥楼外部,我的指令可以标记失序体或者指令使用者并追踪。,,22,,,
,7,自动触发对话,安澜,北桥楼外部,被标记者使用指令时标记会对其造成伤害。,,19,,,
,8,自动触发对话,（=pn）,北桥楼外部,好特殊的指令。,,7,,,
,9,自动触发对话,（=pn）,北桥楼外部,对付失序体也很有用呢。,,11,,,
,10,自动触发对话,安澜,北桥楼外部,也没有……前辈的include要更厉害一点。,,22,安澜2,,
,11,自动触发对话,（=pn）,北桥楼外部,,（好尴尬。）,0,PC2,,
,12,自动触发对话,（=pn）,北桥楼外部,,对……对了，你的胸针……,0,PC8,,
,13,自动触发对话,安澜,北桥楼外部,唉？这个吗……,,7,安澜4,,
,14,自动触发对话,（=pn）,北桥楼外部,,看起来很独特。,0,,,
,15,自动触发对话,安澜,北桥楼外部,忘记了吗……,,6,安澜2,,
,16,自动触发对话,（=pn）,北桥楼外部,,啊？,0,PC5,,
,17,自动触发对话,安澜,北桥楼外部,……没事，是我记错了。,,11,,,
,18,自动触发对话,（=pn）,北桥楼外部,（我是不是说错什么话了，安澜看起来有些失落？）,,23,PC5,,
第六周 周三早上,,,,,,,,,,10月12日
48,1,自动触发对话,林风,寝室,今天咱们学业老师上课要点名。,,14,,,
,2,自动触发对话,林风,寝室,还要公布小组作业的事。,,11,,,
,3,自动触发对话,弗洛,寝室,那今天不能翘课在寝室打游戏了……,,16,弗洛6,,
,4,自动触发对话,纪远行,寝室,一学期就点一次名和某些课的老师比已经很仁慈啦。,,23,,,
,5,自动触发对话,林风,寝室,就算他不点名你也不敢不去吧？,,14,林风8,,
,6,自动触发对话,弗洛,寝室,……是真的。,,6,弗洛9,,
进入教室，安澜迎面而来。,,,,,,,,,,
49,1,区域触发对话,安澜,教室,早……早上好。,,7,安澜2,,
,2,自动触发对话,（=pn）,教室,,早啊。,0,,好感度+5,
,3,自动触发对话,林风,教室,哦哈哟！,,4,,,
,4,自动触发对话,弗洛,教室,……,,2,,,
,5,自动触发对话,纪远行,教室,早。,,2,,,
安澜离开了,,,,,,,,,,
50,1,自动触发对话,林风,教室,那位同学是谁来着，怎么自己坐在后排的角落里。,,22,林风3,,
,2,自动触发对话,纪远行,教室,那是我们的同班同学安澜。,,12,,,
,3,自动触发对话,弗洛,教室,直觉告诉我她很危险。,,10,弗洛5,,
,4,自动触发对话,林风,教室,上次直觉告诉弗洛那天适合抽卡，结果大保底了。,,22,林风4,,
,5,自动触发对话,弗洛,教室,……,,2,弗洛6,,
,6,自动触发对话,（=pn）,教室,,原来你们都不认识她。,0,PC5,,
,7,自动触发对话,学业导师,教室,同学们，本周我们将会布置一个小组作业，最多六人。,,24,,,
,8,自动触发对话,学业导师,教室,本次小组作业算进期末成绩的10％，请在下周之前交上来。,,27,,,
,,,,,手机消息提示,,6,,,
,9,,手机屏幕(NQChat)寰枢AI,教室,已为您下调本周末委托派遣优先级。,,16,,,
下课后,,,,,,,,,,
51,1,自动触发对话,纪远行,教室,周末一起去图书馆做小组作业吧。,,15,,,
,2,自动触发对话,弗洛,教室,我没意见。,,5,,,
,3,自动触发对话,安澜,教室,怎么了前辈？,,6,,,
,4,自动触发对话,（=pn）,教室,,你的室友呢？|你找到小组了吗？,0,,,
,5,自动触发对话,安澜,教室,室友都不是本专业的，所以只有我一个人...,,21,安澜2,,
,6,自动触发对话,（=pn）,教室,,要不加入我们组吧，反正最多六人。,0,,,
,7,自动触发对话,安澜,教室,真的可以吗？,,6,安澜4,,
,8,自动触发对话,（=pn）,教室,,没问题！我的室友人都很好的！,0,,,
,9,自动触发对话,安澜,教室,太感谢了前辈。,,7,安澜3,,
,10,自动触发对话,纪远行,教室,安澜同学是不是还没找到小组？,,14,,,
,11,自动触发对话,（=pn）,教室,,没错，我刚想和你们说加她一个来着。,0,,,
,12,自动触发对话,林风,教室,同意！,,3,,,
,13,自动触发对话,弗洛,教室,……我没意见。,,7,弗洛5,,
,14,自动触发对话,纪远行,教室,多一个人就少一点工作。,,11,,,
,15,自动触发对话,（=pn）,教室,,那我们建个群吧！,0,PC6,,
,16,自动触发对话,手机屏幕（小组作业）,手机屏幕,（弗洛、林风、纪远行、（=pn）加入群聊）,,21,,,
,17,自动触发对话,手机屏幕（小组作业）,手机屏幕,（（=pn）邀请安澜加入群聊）,,15,,,
,18,自动触发对话,手机屏幕（小组作业）纪远行,手机屏幕,欢迎,,2,,,
,19,自动触发对话,手机屏幕（小组作业）林风,手机屏幕,欢迎,,2,,,
,20,自动触发对话,手机屏幕（小组作业）弗洛,手机屏幕,欢迎,,2,,,
,21,自动触发对话,（=pn）,手机屏幕,,欢迎,0,,,
,22,自动触发对话,手机屏幕（小组作业）安澜,手机屏幕,谢谢大家！,,5,,,
第六周 周五晚上,,,,,,,,,,10月14号19：00
52,1,自动触发对话,手机屏幕（小组作业）纪远行,手机屏幕,明天一起去图书馆做小组作业吗？@全体成员,,20,,,
,2,自动触发对话,手机屏幕（小组作业）林风,手机屏幕,好,,1,,,
,3,自动触发对话,手机屏幕（小组作业）弗洛,手机屏幕,好,,1,,,
,4,自动触发对话,手机屏幕（小组作业）安澜,手机屏幕,好,,1,,,
,5,自动触发对话,（=pn）,手机屏幕,,好,0,,接受任务,
周六早上,,,,,,,,,,
53,,,,,手机提示音,,5,,,
,1,自动触发对话,手机屏幕（小组作业）安澜,手机屏幕,我已经到图书馆啦。,,9,,,
,2,自动触发对话,（=pn）,手机屏幕,,这么早？！,0,,,
,3,自动触发对话,手机屏幕（小组作业）纪远行,手机屏幕,稍等，我们马上到。,,9,,,
和室友来到图书馆,,,,,,,,,,
54,1,"交互触发对话
（安澜有交互符号）",纪远行,图书馆门口,久等啦。,,4,,,
,2,自动触发对话,安澜,图书馆门口,没事没事。,,5,,,
,3,自动触发对话,林风,图书馆门口,我们先进去找座位吧。,,10,,,
,4,自动触发对话,安澜,图书馆门口,我已经帮大家都占好了。,,11,,,
,5,自动触发对话,（=pn）,图书馆门口,,安澜同学真可靠。,0,,,
,6,自动触发对话,（=pn）,图书馆门口,（感觉弗洛还是对安澜有点警戒……）,,17,PC5,,
直接跳到中午12：00,,,,,,,,,,
55,1,自动触发对话,旁白,图书馆自习室201,经过一上午的努力，你们一同完成了小组作业。,,21,,,
,2,自动触发对话,林风,图书馆自习室201,我这边报告写完了。,,9,,,
,3,自动触发对话,弗洛,图书馆自习室201,ppt已完成。,,7,,,
,4,自动触发对话,纪远行,图书馆自习室201,答辩稿也准备好了。,,9,,,
,5,自动触发对话,安澜,图书馆自习室201,视频也剪好了。,,7,,,
,6,自动触发对话,（=pn）,图书馆自习室201,,终于完成啦！,0,PC6,,
,7,自动触发对话,纪远行,图书馆自习室201,我去买午饭，你们要吃什么？,,13,,,
,8,自动触发对话,林风,图书馆自习室201,我也去！,,4,,,
,9,自动触发对话,弗洛,图书馆自习室201,麦门，我要薯饼。,,8,,,
,10,自动触发对话,（=pn）,图书馆自习室201,,随便吧。|草莓酱鳕鱼西瓜烩面。|麦门。,0,,,
,11,自动触发对话,安澜,图书馆自习室201,我也一样。,,5,,,
,12,自动触发对话,弗洛,图书馆自习室201,我去扫个充电宝。,,8,,,
,13,自动触发对话,安澜,图书馆自习室201,……,,2,安澜2,,
,14,自动触发对话,安澜,图书馆自习室201,前辈，你当初……为什么会加入指令协会。,,19,,,
,15,自动触发对话,（=pn）,图书馆自习室201,,"我是天选之人。|她给的实在太多了。|
因为责任。",0,"根据选项，差分变为
PC8|PC8|PC5",后续接56_1|56_2|56_3,
56_1,1,自动触发对话,安澜,图书馆自习室201,是，是吗，好独特的理由……,,13,安澜2,,
56_2,1,自动触发对话,安澜,图书馆自习室201,前辈一定是有自己的目的不方便说吧。,,17,,,
56_3,1,自动触发对话,安澜,图书馆自习室201,责任吗……,,5,安澜2,,
57,1,自动触发对话,（=pn）,图书馆自习室201,,毕竟指令与失序是共存的。,0,PC5,,
,2,自动触发对话,（=pn）,图书馆自习室201,,只要人们还拥有指令，那失序就必然会危及我们。,0,PC5,,
,3,自动触发对话,（=pn）,图书馆自习室201,,总得有人去守护校园的平静吧。,0,,安澜好感度+5,
,4,自动触发对话,安澜,图书馆自习室201,我知道了。,,5,安澜3,,
,5,自动触发对话,（=pn）,图书馆自习室201,,那你呢？你为什么会加入？,,,,
,6,自动触发对话,安澜,图书馆自习室201,我……,,,,,
,7,自动触发对话,林风,图书馆自习室201,您的午饭已送达！,,8,,,
,8,自动触发对话,安澜,图书馆自习室201,下次再告诉你。,,,安澜3,,
,9,自动触发对话,纪远行,图书馆自习室201,走吧，我们去休息区吃。,,11,,,
,10,自动触发对话,纪远行,图书馆自习室201,弗洛呢？,,4,,,
,11,,,黑幕文字,好像是去借充电宝了……,,11,,,
,12,,,黑幕文字,怎么这么长时间还没回来？,,12,,,
黑幕转场图书馆附近某处,,,,,,,,,,
,11,自动触发对话,寰枢AI,图书馆外,该区域溢出失序体清剿已完成。,,14,,,
,12,自动触发对话,弗洛,图书馆外,收工。,,3,弗洛9,,
第六周 周日晚上,,,,,,,,,,10月16日20：00
58,1,自动触发对话,手机屏幕(NQChat)宁芷,手机屏幕,学妹，在吗？,,6,,,
,2,自动触发对话,（=pn）,手机屏幕,,111,0,,,
,3,自动触发对话,手机屏幕(NQChat)宁芷,手机屏幕,下周日有一个新的委托，由我来发布。,,17,,,
,4,自动触发对话,手机屏幕(NQChat)宁芷,手机屏幕,本次委托是深入复合楼最高层，属于高危委托，为你匹配了两个可靠的队友。,,34,,,
,5,自动触发对话,手机屏幕(NQChat)宁芷,手机屏幕,尽管如此，你们还是务必小心。,,14,,,
,6,自动触发对话,（=pn）,手机屏幕,,寰枢呢？还是因为代写作业疯了吗？,0,,,
,7,自动触发对话,手机屏幕(NQChat)宁芷,手机屏幕,寰枢在调用全部算力计算失序体的源头，日常功能暂时停用。,,27,,,
,8,自动触发对话,（=pn）,手机屏幕,,另外两个队友是？,0,,,
,9,自动触发对话,手机屏幕(NQChat)宁芷,手机屏幕,周末就知道啦，保证不会拖你后腿。,,16,,接受任务,
第七周 周日来到北桥楼外围,,,,,,,,,,10月23日
59,1,区域触发对话,安澜,北桥楼门口,……,,2,,,
,2,自动触发对话,弗洛,北桥楼门口,……,,2,,,
,3,自动触发对话,（=pn）,北桥楼门口,,弗洛？？？|安澜？？？,0,,后续60_1|60_2,
60_1,1,自动触发对话,弗洛,北桥楼门口,你好啊，可靠的队友。,,10,弗洛8,,
60_2,1,自动触发对话,安澜,北桥楼门口,前辈……,,4,,,
61,1,自动触发对话,弗洛,北桥楼门口,……总有一种我们今天聚在这里是命中注定的感觉。,,23,弗洛5,,
,2,自动触发对话,（=pn）,北桥楼门口,,原来可靠的队友就是你们。,0,,,
,3,自动触发对话,弗洛,北桥楼门口,不止我们，纪远行和林风那一队已经从另一侧出发了。,,24,,,
,4,自动触发对话,（=pn）,北桥楼门口,,你们都加入指令协会了？,0,,,
,5,自动触发对话,弗洛,北桥楼门口,为了拯救世界？,,7,弗洛5,,
,6,自动触发对话,弗洛,北桥楼门口,不过我也是刚刚才知道那两位也入坑了。,,18,,,
,7,自动触发对话,寰枢AI,北桥楼门口,团队集结成功，本次任务是在保证安全的前提下尽可能探索北桥楼高层。,,32,,,
,8,自动触发对话,寰枢AI,北桥楼门口,我会提供最优路线并分析失序溢出源头。,,18,,,
,9,自动触发对话,弗洛,北桥楼门口,工具人复活了？,,7,弗洛7,,
,10,自动触发对话,（=pn）,北桥楼门口,,我们也出发吧。,0,,,
,11,自动触发对话,寰枢AI,北桥楼门口,再次警告，本次为高危委托，注意安全。,,18,,,
,12,自动触发对话,寰枢AI,北桥楼门口,情形危机时我会通知撤离，请注意。,,16,,,
进入北桥楼第一层,,,,,,,0,,,
62,1,自动触发对话,（=pn）,北桥楼一层,（一楼的失序体之前清除完了……）,,16,PC5,,
,2,自动触发对话,（=pn）,北桥楼一层,（直接去第二层吧。）,,10,,,
进入北桥楼第二层,,,,,,,0,,,
63,1,自动触发对话,寰枢AI,北桥楼二层,第二层失序化个体危险系数较低，但数量较多，务必注意安全。,,28,,,
,2,自动触发对话,弗洛,北桥楼二层,怎么会这么多？,,7,PC3,,
,3,自动触发对话,安澜,北桥楼二层,失序后他们的意识只能循环指令，好痛苦……,,20,安澜2,,
,4,自动触发对话,（=pn）,北桥楼二层,,我们来帮他们解脱吧！,0,,,
第二层战斗,,,,,,,0,,,
64,1,自动触发对话,弗洛,北桥楼二层,轻轻松松。,,5,,,
,2,自动触发对话,（=pn）,北桥楼二层,弗洛的指令好厉害！,,9,PC3,,
,3,自动触发对话,（=pn）,北桥楼二层,安澜刚刚差点被攻击到，然后突然就回到我们身边了。,,24,PC3,,
,4,自动触发对话,弗洛,北桥楼二层,RollBack可以对个个体进行状态回溯，甚至是失序值回溯。,,30,,,
,5,自动触发对话,（=pn）,北桥楼二层,,那我们岂不是无敌了！,0,PC3,,
,6,自动触发对话,弗洛,北桥楼二层,并不，RollBack是被动指令，只有达到条件才能使用。,,28,,,
,7,自动触发对话,弗洛,北桥楼二层,失序值。每次作用范围与失序值成正比，人类或是失序体的。,,27,,,
,8,自动触发对话,弗洛,北桥楼二层,根本想象不到大范围发动需要什么条件……,,19,弗洛5,,
,9,自动触发对话,安澜,北桥楼二层,刚刚……谢谢你。,,8,,,
,10,自动触发对话,弗洛,北桥楼二层,……没事。,,5,弗洛5,,
进入第三层,,,,,,,0,,,
65,1,自动触发对话,寰枢AI,北桥楼三层,结合情报与现场勘测，二层以上出现大量失序溢出伴随的数据生命，请小心。,,34,,,
第三层战斗,,,,,,,0,,,
66,1,自动触发对话,弗洛,北桥楼三层,呼……都解决了。,,8,,,
,2,自动触发对话,弗洛,北桥楼三层,像爬塔。,,4,弗洛5,,
,3,自动触发对话,安澜,北桥楼三层,被打败的数据生命变成了红色代码，飘向了更高楼层的某处……,,28,安澜4,,
,4,自动触发对话,（=pn）,北桥楼三层,,这两层的怪物和我们那天遇到的一样……,0,PC7,,
,5,自动触发对话,弗洛,北桥楼三层,好在单体并不强。,,8,,,
,6,自动触发对话,安澜,北桥楼三层,我刚刚标记了一部分红色乱码，追踪到源头大概在第五层。,,26,,,
进入第四层,,,,,,,,,,
67,1,自动触发对话,（=pn）,北桥楼四层,（这一层好像没有失序体。）,,,PC5,,
,2,自动触发对话,（=pn）,北桥楼四层,（前往下一层吧。）,,,,,
进入第五层,,,,,,,0,,,
68,1,自动触发对话,安澜,北桥楼五层,就在附近。,,5,,,
,2,自动触发对话,弗洛,北桥楼五层,这里环境中的失序值异常的高……,,15,弗洛3,,
,3,自动触发对话,弗洛,北桥楼五层,刚来到这里就达成了RollBack的触发条件。,,23,弗洛5,,
,4,自动触发对话,安澜,北桥楼五层,源头就在这层走廊的尽头。,,12,,,
,5,自动触发对话,（=pn）,北桥楼五层,,是那间教室。,0,PC4,,
,6,自动触发对话,旁白,北桥楼五层,红色的乱码如同拥有生命一般密密麻麻的攀附在门上。,,24,,,
,7,自动触发对话,旁白,北桥楼五层,他们争先恐后般从狭小的门缝中涌入。,,17,,,
,8,自动触发对话,弗洛,北桥楼五层,这里很危险……,,7,弗洛3,,
,9,自动触发对话,弗洛,北桥楼五层,先通知学姐和寰枢吧。,,10,,,
,10,自动触发对话,（=pn）,北桥楼五层,打开手机（乱码从四面八方涌入手机屏幕的动画）,,22,,,
,11,自动触发对话,（=pn）,北桥楼五层,,手机被红色乱码侵入了!,0,PC3,,
,12,自动触发对话,安澜,北桥楼五层,我的标记突然消失了……,,11,安澜4,,
,13,自动触发对话,安澜,北桥楼五层,不对，一个、三个、七个……,,13,安澜4,,
,14,自动触发对话,安澜,北桥楼五层,周围突然出现了……至少20个失序溢出的源头？,,22,安澜4,,
,15,自动触发对话,弗洛,北桥楼五层,周围环境的失序值升高了。,,12,弗洛3,,
,16,自动触发对话,弗洛,北桥楼五层,小心。,,3,弗洛3,,
进入战斗,,,,,,,0,,,
69,1,自动触发对话,弗洛,北桥楼五层,已经第七波了……,,8,弗洛3,,
,2,自动触发对话,（=pn）,北桥楼五层,,手机还是联系不到外面。,0,PC4,,
,3,自动触发对话,安澜,北桥楼五层,这些失序体，会复活……,,11,安澜4,,
,4,自动触发对话,安澜,北桥楼五层,在被打败后标记会消失一段时间在其他位置重新出现。,,24,安澜4,,
,5,自动触发对话,弗洛,北桥楼五层,刚刚逃到楼梯后，不管上下楼都会回到这里。,,20,弗洛5,,
,6,自动触发对话,（=pn）,北桥楼五层,,我们进来多长时间了？,0,PC4,,
,7,自动触发对话,安澜,北桥楼五层,大概一个小时左右。,,9,,,
,8,自动触发对话,弗洛,北桥楼五层,他们又冲过来了。,,,弗洛9,,
第二次进入战斗,,,,,,,0,,,
70,1,自动触发对话,弗洛,北桥楼五层,（=pn），我们是几点到这层的？,,16,,时间是进入第五层的时间+四个小时,
,2,自动触发对话,（=pn）,北桥楼五层,,你也发现了吗。,0,PC4,,
,3,自动触发对话,安澜,北桥楼五层,我要撑不住了……,,8,安澜2,,
,4,自动触发对话,弗洛,北桥楼五层,外面的天空毫无变化。,,10,弗洛5,,
,5,自动触发对话,弗洛,北桥楼五层,而且这些失序体的生成都是有规律的。,,17,,,
,6,自动触发对话,安澜,北桥楼五层,你们的意思是?,,7,安澜4,,
,7,自动触发对话,（=pn）,北桥楼五层,,这里的一切都是假的。|除了我们一切都在重复。,0,,,
,8,自动触发对话,弗洛,北桥楼五层,我们被困在了这个楼层的循环之中。,,16,弗洛5,,
,9,自动触发对话,弗洛,北桥楼五层,所以RollBack也只能回到这里。,,18,弗洛5,,
,10,自动触发对话,弗洛,北桥楼五层,我有办法了。,,6,,,
第三次进入战斗,,,,,,,0,,,
71,1,自动触发对话,弗洛,北桥楼五层,"(=pn),左边！",,9,,,
,2,自动触发对话,（=pn）,北桥楼五层,,解决了……,0,PC4,,
,3,自动触发对话,弗洛,北桥楼五层,再坚持两个波次。,,8,,,
,4,自动触发对话,安澜,北桥楼五层,前辈，我要不行了……,,10,安澜2,,
第四次进入战斗,,,,,,,0,,,
72,1,自动触发对话,弗洛,北桥楼五层,进入波次的空隙了，就是现在。,,14,弗洛5,,
,2,自动触发对话,弗洛,北桥楼五层,和我一起跳出去！,,8,,,
,3,自动触发对话,（=pn）,北桥楼五层,,"（外面的天空，都是贴图？）|
（我们落在了...地面上？）",0,PC7,,
,4,自动触发对话,安澜,北桥楼五层,标记突然出现了，循环被有意加快了……,,18,,,
,5,自动触发对话,安澜,北桥楼五层,那些失序体也追过来了。,,11,,,
,6,自动触发对话,弗洛,北桥楼五层,RollBack还不能使用，我们要逃到贴图覆盖之外。,,26,,,
接近边缘,,,,,,,0,,,
73,1,自动触发对话,安澜,北桥楼五层,他们又被加快了……,,9,,,
,2,自动触发对话,弗洛,北桥楼五层,再坚持一下，马上就到了。,,12,,,
,3,自动触发对话,安澜,北桥楼五层,这次...我来，拖住他们。,,13,安澜5,,
,4,自动触发对话,安澜,北桥楼五层,StackTrace！,,11,安澜5,,
,5,自动触发对话,（=pn）,北桥楼五层,,安澜！,0,PC9,,
,6,自动触发对话,弗洛,北桥楼五层,快走！她强行引爆了自己的所有标记。,,17,弗洛5,,
,7,自动触发对话,弗洛,北桥楼五层,只要我们出去了一切就还有回旋余地。,,17,弗洛3,,
,8,自动触发对话,（=pn）,北桥楼五层,,循环又被加快了，他们重新生成了。,0,PC4,,
,9,自动触发对话,弗洛,北桥楼五层,简直是BUG。,,7,弗洛9,,
,10,自动触发对话,弗洛,北桥楼五层,但我讨厌BUG。,,8,,,
,11,,黑幕文字,,RollBack。,,9,,任务完成,
第八周 周五,,,,,,,0,,,10月28日
74,1,自动触发对话,黑幕文字,,"正常来说,她应该快醒了。",,12,,,
,2,自动触发对话,黑幕文字,,她们已经昏迷近一周了……,,12,,,
,3,自动触发对话,（=pn）,校医院病房101,,……,0,PC5,,
,4,自动触发对话,林风,校医院病房101,（=pn）！你醒啦！,,10,林风2,,
,5,自动触发对话,（=pn）,校医院病房101,,（林风，纪远行，还有……学姐和学业导师？）,0,PC5,,
,6,自动触发对话,纪远行,校医院病房101,你没事真是太好了。,,9,,,
,7,自动触发对话,宁芷,校医院病房101,辛苦你了学妹。,,7,宁芷1,,
,8,自动触发对话,（=pn）,校医院病房101,,她们呢？弗洛和安澜……,0,PC7,,
,9,自动触发对话,时纪,校医院病房101,你先好好休息。,,7,,,
,10,自动触发对话,林风,校医院病房101,我们都帮你请好假了，学分什么的也不用担心。,,,,,
,11,自动触发对话,旁白,校医院病房101,你不再多问，从他们的表情来看情况并不乐观。,,21,,,
,12,自动触发对话,旁白,校医院病房101,那天所经历的一切即使是回想都会令你止不住的颤抖。,,24,,,
,13,自动触发对话,旁白,校医院病房101,你在潜意识中逃避着这一切。,,13,,,
,14,自动触发对话,校医,校医院病房101,弗洛因为在极限状态下使用指令，即使失序值被回滚，也因为极度虚弱现在还在昏迷。,,38,,,
,15,自动触发对话,校医,校医院病房101,安澜在回滚后失序值仍旧在90%以上，尽管还有救，但情况非常不乐观。,,33,,,
,16,自动触发对话,宁芷,校医院病房101,从你们进入第三层到陷入昏迷出现在复合楼外，在现实中只过了不到5分钟。,,34,宁芷1,,
,17,自动触发对话,宁芷,校医院病房101,寰枢也被失序入侵，现在处于瘫痪状态。,,18,宁芷1,,
,18,自动触发对话,纪远行,校医院病房101,那些失序体的目标从一开始就是你们。,,17,纪远行3,,
,19,自动触发对话,纪远行,校医院病房101,我和林风无法进入第三层，每次都会被传送回来。,,22,纪远行3,,
,20,自动触发对话,宁芷,校医院病房101,好好休息，我们明天再来看你。,,14,,,
,,,,,要去看看安澜和弗洛吗？她们在病房102、103。,去。|还是算了吧。,,,后续75|76,
众人走后与去其他病房探望安澜和弗洛,,,,,,,0,,,
75,1,区域触发对话,旁白,校医院病房102,弗洛静静的躺在床上，脸上没有表情与平时无异，只是脸色泛白，少了一些生气。,,36,,,
,2,区域触发对话,旁白,校医院内部103,安澜眉头紧缩着，偶尔会呼吸急促，似乎在承受着巨大的痛苦...,,32,,,
,3,自动触发对话,旁白,校医院内部103,在条纹病服下的皮肤上如同山谷皲裂的沟壑，红光与乱码潜在其中蔓延。,,30,,,
,4,区域触发对话,旁白,校医院内部103,箭头胸针随着身体的颤栗微微颤动……,,,,,
,4,自动触发对话,旁白,,回到你的病床休息吧，你也很累了。,回去休息。,,,玩家躺回床上，后续76,
76,1,区域触发对话,旁白,校医院病房101,你久久不能入眠，闭上眼便是红色的乱码流如同游蛇般如狼似虎的扑向你。,,33,,,
,2,自动触发对话,旁白,校医院病房101,而在你背后是昏迷的弗洛与安澜……,,16,,,
,3,自动触发对话,旁白,校医院病房101,在极度疲劳下，大脑强制你进入休眠，这一晚你过得并不安稳。,,28,,,
第二天 第八周周六,,,,,,,0,,,10月29日
77,1,自动触发对话,宁芷,校医院病房101,学妹，我们来看你啦~,,10,,,
,2,自动触发对话,林风,校医院病房101,我给你带了你爱吃的麦门，还有食堂最新推出的藤椒香蕉炒花胶。,,29,林风4,,
,3,自动触发对话,纪远行,校医院病房101,我帮你做了一周的作业，不用客气。,,16,,,
,4,自动触发对话,（=pn）,校医院病房101,,……谢谢？,0,PC2,,
,5,自动触发对话,林风,校医院病房101,我还给弗洛带了快乐水，先给她送过去啦。,,19,林风8,,
,6,自动触发对话,宁芷,校医院病房101,(=pn)学妹.,,8,,,
,7,自动触发对话,（=pn）,校医院病房101,,学姐……那天我们面对的到底是什么？,0,PC5,,
,8,自动触发对话,宁芷,校医院病房101,那些都是源失序体StackOverflowd能力的产物。,,28,宁芷1,效果见修改19行,
,9,自动触发对话,宁芷,校医院病房101,失序体不止有生物异变会产生，还有一种天生即为失序的生物被称为源失序体。,,35,宁芷1,,
,10,自动触发对话,宁芷,校医院病房101,源失序体的指令没有副作用的限制，实力是普通失序体的数倍。,,28,宁芷1,,
,11,自动触发对话,宁芷,校医院病房101,只有被封锁的失序值较高区域才会出现，但一般来说他们不会离开那片区域……,,35,宁芷1,,
,12,自动触发对话,宁芷,校医院病房101,除非在原区域有一个更加强大的源失序体。,,19,宁芷1,,
,13,自动触发对话,（=pn）,校医院病房101,,只是产物就能溃败我们……|还有比它更强大的？,0,PC7,,
,14,自动触发对话,宁芷,校医院病房101,很遗憾，校方对此也不具备有效对策。,,,宁芷1,,
,15,自动触发对话,宁芷,校医院病房101,与源失序体直接接触，这是有记录以来的第一次。,,22,宁芷1,,
,16,自动触发对话,宁芷,校医院病房101,"学妹,可以把你那天经历了什么告诉我吗？",,19,宁芷1,,
,17,自动触发对话,黑幕文字,,你将那天的一切告诉了宁芷和纪远行。,,17,,,
,18,自动触发对话,黑幕文字,,尽管你有所准备，但在叙述结束后，冷汗还是浸透了你的后背。,,28,,,
,19,自动触发对话,黑幕文字,,纪远行也不知何时握住了你颤抖的手。,,17,,,
,20,自动触发对话,宁芷,校医院病房101,辛苦了学妹。,,6,宁芷1,,
,21,自动触发对话,（=pn）,校医院病房101,,那个源失序体，怎么办？,0,PC7,,
,22,自动触发对话,宁芷,校医院病房101,我们已经封锁了北桥楼的第五层并进行压制。,,20,宁芷1,,
,23,自动触发对话,宁芷,校医院病房101,在本学期结束学生都离校后会进行一次全面歼灭战。,,23,宁芷1,,
,24,自动触发对话,宁芷,校医院病房101,尽管，我们不确定是否能完全消灭它……,,18,宁芷2,,
,25,自动触发对话,宁芷,校医院病房101,当然，这就与你们无关了，这件事交给我和时老师，你们还只是学生。,,31,,,
,26,自动触发对话,（=pn）,校医院病房101,,……,0,PC5,,
,27,自动触发对话,纪远行,校医院病房101,一会校医的检查没问题今天你就可以出院了。,,20,,,
,28,自动触发对话,纪远行,校医院病房101,弗洛还要再修养一周。,,10,纪远行8,,
,29,自动触发对话,宁芷,校医院病房101,事情发展到这种地步是指令协会的失误。,,18,宁芷1,,
,30,自动触发对话,宁芷,校医院病房101,也是我作为学姐的失职，非常抱歉。,,16,宁芷1,,
黑幕转场 回到寝室,,,,,,,0,,,
78,1,自动触发对话,黑幕文字,,一切都归于平静，就像什么都没发生过一样。,,20,,,
,2,自动触发对话,黑幕文字,,除了宿舍内弗洛空着的床铺。,,13,,,
,3,自动触发对话,黑幕文字,,同时教室内某个不起眼的角落少了一个熟悉的身影……,,24,,,
第九周 周三傍晚,,,,,,,0,,,11月2日20：00
79,1,自动触发对话,手机屏幕（论坛好友）纪远行,手机屏幕,校医说弗洛今天醒了,,9,,,
,2,自动触发对话,手机屏幕（论坛好友）纪远行,手机屏幕,林风已经先过去了，我在校医院门口等你,,18,,,
,3,自动触发对话,手机屏幕（论坛好友）纪远行,手机屏幕,我们一起去探望一下她,,10,,,
,4,自动触发对话,（=pn）,手机屏幕,,好,0,,接受任务,
来到校医院门口,,,,,,,0,,,
80,1,交互触发对话,纪远行（交互符号,校医院外,我们进去吧。,,6,,,
,2,自动触发对话,纪远行,校医院外,感觉你最近情绪不太好……,,12,纪远行2,,
,3,自动触发对话,纪远行,校医院外,去和弗洛聊一聊吧。,,9,,,
病房内,,,,,,,0,,,
81,1,区域触发对话,旁白,校医院病房102,弗洛正在玩掌机，尽管握住摇杆的手指因为无法完全用力在微微颤抖。,,31,,,
,2,自动触发对话,纪远行,校医院病房102,弗洛，我们来看你啦。,,10,,,
,3,自动触发对话,纪远行,校医院病房102,林风呢？她不是提前到了吗。,,13,纪远行2,,
,4,自动触发对话,弗洛,校医院病房102,她刚才说说我太虚弱非要喂我吃饭，被我赶走了。,,22,弗洛6,,
,5,自动触发对话,纪远行,校医院病房102,她可是把心爱的掌机都给你拿过来了。,,17,,,
,6,自动触发对话,弗洛,校医院病房102,……谁稀罕她的掌机。,,10,弗洛5,,
,7,自动触发对话,纪远行,校医院病房102,是吗，那你们先聊。,,9,,,
,8,自动触发对话,纪远行,校医院病房102,这些汉堡的包装纸我拿去扔了哦。,,15,,,
,9,自动触发对话,（=pn）,校医院病房102,,弗洛。,0,PC7,,
,10,自动触发对话,弗洛,校医院病房102,RollBack的能力副作用是会清除回溯那一段时间的记忆。,,29,,,
,11,自动触发对话,弗洛,校医院病房102,但是你能记得那些对吧。,,11,,,
,12,自动触发对话,（=pn）,校医院病房102,,嗯。,0,PC5,,
,13,自动触发对话,弗洛,校医院病房102,我已经从学姐那里知道了大概。,,14,,,
,14,自动触发对话,（=pn）,校医院病房102,,对不起。,0,PC7,,
,15,自动触发对话,弗洛,校医院病房102,虽然不知道你为什么能记住……,,,弗洛5,,
,16,自动触发对话,弗洛,校医院病房102,你在自责？还是愧于自己没有勇气面对那段记忆？,,22,弗洛3,,
,17,自动触发对话,弗洛,校医院病房102,……害怕是正常的。,,9,弗洛5,,
,18,自动触发对话,（=pn）,校医院病房102,,……,,PC7,,
,19,自动触发对话,弗洛,校医院病房102,你还记得加入指令协会的时候学姐说了什么吗。,,21,,,
,20,自动触发对话,（=pn）,校医院病房102,,总有一些敢于涉足未知肩负责任的人……,0,PC5,,
,21,自动触发对话,弗洛,校医院病房102,没错，在加入指令协会的时候我就做好了面对这种情况的准备。,,28,,,
,22,自动触发对话,弗洛,校医院病房102,我相信安澜同学也是。,,10,,,
,23,自动触发对话,弗洛,校医院病房102,宁芷学姐刚刚去了安澜那里。,,13,,,
,24,自动触发对话,弗洛,校医院病房102,你也去看看她吧。,,8,弗洛8,弗洛好感+5，任务变更,
来到安澜的病房,,,,,,,0,,,
82,1,交互触发对话,宁芷（交互符号,校医院病房103,（=pn）学妹，你来了。,,12,,,
,2,自动触发对话,（=pn）,校医院病房103,,学姐，你看起来很虚弱……,0,PC7,,
,3,自动触发对话,宁芷,校医院病房103,安澜同学的情况不太好，需要有人24小时监护。,,22,,,
,4,自动触发对话,宁芷,校医院病房103,也许是因为感知到学妹你要来，今天的各项数值都非常稳定。,,27,,,
,5,自动触发对话,旁白,校医院病房103,宁芷满是疲惫的脸上挤出一点笑容。,,16,,,
,6,自动触发对话,（=pn）,校医院病房103,,辛苦了。,0,PC7,,
,7,自动触发对话,宁芷,校医院病房103,你的脸色看起来不太好。,,11,宁芷3,效果见修改23行,
,8,自动触发对话,宁芷,校医院病房103,是哪里还不舒服吗？,,9,宁芷1,,
,9,自动触发对话,（=pn）,校医院病房103,,我没事。,0,PC10,,
,10,自动触发对话,宁芷,校医院病房103,……好。,,4,宁芷1,,
,11,自动触发对话,宁芷,校医院病房103,(=pn)学妹，关于安澜的事，我想和你聊一下。,,23,宁芷1,,
进入宁芷的回忆（校医院），加一层灰色蒙版,,,,,,,0,,,
83,1,自动触发对话,安澜,校医院内部,学姐，关于加入协会的事情，我认为还是线下当面说比较好……,,28,,,
,2,自动触发对话,宁芷,校医院内部,那么，你的答复是什么呢？,,12,,,
,3,自动触发对话,安澜,校医院内部,我想……问问(=pn)同学为什么会加入指令协会。,,24,,,
,4,自动触发对话,宁芷,校医院内部,她很特殊。,,5,,,
,5,自动触发对话,宁芷,校医院内部,当然，并不仅仅是说她的指令。,,14,,,
,6,自动触发对话,宁芷,校医院内部,在我邀请她加入协会的时候，她的答复也很有趣。,,22,,,
,7,自动触发对话,宁芷,校医院内部,让我想起了一位朋友……,,11,,,
,8,自动触发对话,宁芷,校医院内部,也正是因为如此，我知道在看似果断或幽默似的回答下。,,25,,,
,9,自动触发对话,宁芷,校医院内部,她已经做好了独自承受一切的准备。,,16,,,
,10,自动触发对话,宁芷,校医院内部,即使前面是万劫不复的未知深渊。,,,,,
,11,自动触发对话,宁芷,校医院内部,如果你想知道，不如亲自问问她。,,,,,
,12,自动触发对话,安澜,校医院内部,……,,2,,,
,13,自动触发对话,安澜,校医院内部,学姐，我觉得我还没做好肩负巨大责任的准备。,,21,,,
,14,自动触发对话,安澜,校医院内部,但是……,,4,,,
,15,自动触发对话,安澜,校医院内部,如果在她面前的是未知的深渊。,,14,,,
,16,自动触发对话,安澜,校医院内部,那我会让她在坠落的途中不那么孤独。,,17,,,
回到现实,,,,,,,0,,,
84,1,自动触发对话,宁芷,校医院病房103,你的指令很特殊。,,8,,,
,2,自动触发对话,（=pn）,校医院病房103,,……我想参与StackOverflow歼灭。,0,PC5,,
,3,自动触发对话,宁芷,校医院病房103,以你现在的实力还是太危险了……,,15,宁芷2,,
,4,自动触发对话,（=pn）,校医院病房103,,我要参与StackOverflow歼灭。,,PC4,,
,5,自动触发对话,宁芷,校医院病房103,……如果你真的做好决定了，这周末来找我吧。,,21,宁芷1,,
,6,自动触发对话,宁芷,校医院病房103,我会帮你开发Include的潜力。,,17,宁芷1,任务完成，接受任务,
第九周 周末来到校医院外,,,,,,,0,,,11月5-6日
85,1,交互触发对话,宁芷（交互符号,校医院门口,看来你已经做好准备了。,,11,,,
,2,自动触发对话,宁芷,校医院门口,我和你的学业导师将会帮助你提升Include。,,23,,,
,3,自动触发对话,学业导师,校医院门口,你的Include很特殊。,,13,,,
,4,自动触发对话,学业导师,校医院门口,与其说是文件包含命令，不如说是所有导入命令的总和。,,25,,,
,5,自动触发对话,学业导师,校医院门口,它不仅能能将特定知识转化为技能，还可以一定程度上储存你的记忆。,,31,,,
,6,自动触发对话,学业导师,校医院门口,这也是RollBack后你还记得发生过什么的原因。,,25,,,
,7,自动触发对话,学业导师,校医院门口,经讨论，我们认为你的include还能起到import甚至命令行的作用。,,36,,,
,8,自动触发对话,学业导师,校医院门口,具体细节还需要你自行实践。,,,,,
,9,自动触发对话,宁芷,校医院门口,我和学业导师会分别对你从库技能等级和指令经验进行培训。,,27,,,
,10,自动触发对话,宁芷,校医院门口,在期末周之前你可以随时来南桥楼615或613找我们。,,26,,,
,11,自动触发对话,宁芷,校医院门口,直到你能在训练中击败我，证明自己的实力足以参加歼灭战。,,27,,任务内容变更,
第十周 周五晚上,,,,,,,0,,,11月11日20：00
86,,,,,消息提示音,,5,,,
,1,自动触发对话,手机屏幕（室友群）弗洛,手机屏幕,满血复活,,4,,,
,2,自动触发对话,手机屏幕（室友群）林风,手机屏幕,欢迎回来！,,5,,,
,3,自动触发对话,手机屏幕（室友群）纪远行,手机屏幕,欢迎回来！,,5,,,
,4,自动触发对话,（=pn）,手机屏幕,,欢迎回来！,0,,,
,,,,,,,,,,
87,1,自动触发对话,弗洛,寝室内,还是宿舍的床舒服，有我的周边陪着我……,,19,弗洛9,,
,2,自动触发对话,（=pn）,寝室内,,"居然不是因为有我们吗……|
真的一点都不想我们吗……",0,PC5,后接88_1|88_2,
88_1,1,自动触发对话,弗洛,寝室内,当然也是因为有你们，真的。,,13,弗洛2,,
88_2,1,自动触发对话,弗洛,寝室内,想，真的。,,5,弗洛2,,
89,1,自动触发对话,林风,寝室内,唉，我们也不是很想你。,,11,林风7,,
,2,自动触发对话,纪远行,寝室内,林风没少看着你的周边睹物思人。,,15,,,
,3,自动触发对话,林风,寝室内,……我那是在想要不要把这些带过去陪她！,,19,林风6,,
第十周到第十六周去探望安澜,,,,,,,0,,,
90,1,区域触发对话,旁白,校医院病房103,安澜被安置在病床上，皮肤上的红色乱码暗淡了不少。,,24,,,
,2,自动触发对话,旁白,校医院病房103,也许是感知了你的到来，略微急促的呼吸有些许舒缓。,,24,,,
训练中击败宁芷后,,,,,,,0,,,
91,1,自动触发对话,宁芷,南桥楼613,……,,2,,,
,2,自动触发对话,宁芷,南桥楼613,你的成长速度比我想象的要快。,,14,,,
,3,自动触发对话,宁芷,南桥楼613,以现在的实力应该可以与StackOverflow一战了。,,28,,任务变更为,
,,,,,黑幕转场,,4,,,
,4,自动触发对话,学业导师,南桥楼615,她现在越来越像那个人了……,,13,教授5,,
,5,自动触发对话,宁芷,南桥楼615,也许（=pn）还能给我们更多的惊喜。,,18,,,
第十五周 期末周考试最后一门结束,,,,,,,0,,,
92,1,自动触发对话,弗洛,教室,终于都考完了。,,7,弗洛9,,
,2,自动触发对话,林风,教室,学校居然还加装了指令屏蔽器？我复制的小抄都用不了了……,,27,林风6,,
,3,自动触发对话,（=pn）,教室,,我们要不要对对答案？,0,,,
,4,自动触发对话,纪远行,教室,好啊，第一题……,,8,纪远行5,,
,5,自动触发对话,林风,教室,不要！,,3,林风6,,
,6,自动触发对话,旁白,教室,学校要求12月23日前所有师生全部离校。,,20,,,
,7,自动触发对话,旁白,教室,当然，你算是“内部人员”了，12月24日才是你的战场。,,,,,
歼灭战前去探望安澜，不去探望就没有这段剧情,,,,,,,0,,,
93,1,区域触发对话,校医,校医院病房103,安澜同学现在的情况已经有所好转了。,,17,,,
,2,自动触发对话,校医,校医院病房103,只是很奇怪，她的失序值一直在失序化的临界值。,,22,,,
,3,自动触发对话,校医,校医院病房103,但又处于没有意识状态。,,11,,,
,4,自动触发对话,（=pn）,校医院病房103,,谢谢你一直照顾安澜……,0,PC7,,
,5,自动触发对话,校医,校医院病房103,职责所在，而且也要多感谢宁芷。,,15,,,
,6,自动触发对话,校医,校医院病房103,你过几天，也小心一点。,,11,,,
,7,自动触发对话,（=pn）,校医院病房103,,嗯。,0,PC4,,
,8,自动触发对话,旁白,校医院病房103,在你们都没有注意到的一瞬间，安澜的失序值突然升高，但只有那一瞬间……并未触发警报。,,41,,,
歼灭战当日 12月24日 醒来之后直接进入这段剧情,,,,,,,0,,,
94,1,自动触发对话,旁白,寝室,室友们都不在，她们都回家了吧。,,15,,,
,2,自动触发对话,旁白,寝室,但你还有必须要做的事……,,12,,,
,3,自动触发对话,旁白,寝室,如此安静的校园让你有些不自在，但你知道这种精密只是暴风雨的前兆。,,,,,
来到北桥楼,,,,,,,0,,,
95,1,区域触发对话,弗洛,北桥楼门口,（=pn）来了。,,8,,,
,2,自动触发对话,纪远行,北桥楼门口,早啊。,,3,,,
,3,自动触发对话,（=pn）,北桥楼门口,,"弗洛,林风，纪远行？！|你们怎么也在？！",0,PC3,,
,4,自动触发对话,林风,北桥楼门口,哼哼，当然是因为，我们也通过了学姐的考验。,,21,林风4,,
,5,自动触发对话,纪远行,北桥楼门口,而且这种事，怎么能让你一个人面对呢。,,18,,,
,6,自动触发对话,弗洛,北桥楼门口,林风是最慢的，在前几天才被允许参加歼灭战。,,21,弗洛8,,
,7,自动触发对话,林风,北桥楼门口,我明明是为了复习没有时间去测试！,,16,林风6,,
,8,自动触发对话,（=pn）,北桥楼门口,,谢谢你们。,0,,,
,9,自动触发对话,纪远行,北桥楼门口,还说什么谢谢，走吧，我们直接去第四层，学姐和导师还在那里等着呢。,,32,,,
来到第五层入口处,,,,,,,0,,,
96,1,交互触发对话,宁芷（交互符号,北桥楼四层楼梯口,你们来了。,,5,,,
,2,自动触发对话,寰枢AI,北桥楼四层楼梯口,源失序体StackOverflow，已知信息如下：,,25,,,
,3,自动触发对话,寰枢AI,北桥楼四层楼梯口,StackOverflow会制造产物残影，残影被击败会提升本体的攻击力但削减生命。,,41,,,
,4,自动触发对话,寰枢AI,北桥楼四层楼梯口,此前击败的残影已经使它本体攻击力达到了十分恐怖的地步，请务必小心。,,33,,,
,5,自动触发对话,宁芷,北桥楼四层楼梯口,这次我会陪同你们进入第五层。,,14,,,
,6,自动触发对话,宁芷,北桥楼四层楼梯口,我的指令是BSOD，可以强制打断一次循环，但自身失序值会短时间内上升。,,35,,,
,7,自动触发对话,宁芷,北桥楼四层楼梯口,弗洛以我为目标使用RollBack，你们就会见到StackOverflow的本体。,,41,,,
,8,自动触发对话,宁芷,北桥楼四层楼梯口,我会留在那个循环空间，拖住StackOverflow的产物。,,30,宁芷1,,
,9,自动触发对话,学业导师,北桥楼四层楼梯口,我的指令没有攻击性，但是可以短暂终止其他指令的进程。,,26,教授5,,
,10,自动触发对话,学业导师,北桥楼四层楼梯口,我会在这里待命，必要的时候会为你们制造空隙。,,22,教授5,,
,11,自动触发对话,学业导师,北桥楼四层楼梯口,请务必小心。,,6,,,
进入,,,,,,,0,,,
97,1,自动触发对话,旁白,北桥楼五层,在踏入第五层后，红色乱码从以尽头的教室门为中心沿着墙壁飞速蔓延。,,32,,,
,2,自动触发对话,旁白,北桥楼五层,只是眨眼的功夫就将你们包裹。,,14,,,
,3,自动触发对话,宁芷,北桥楼五层,小心。,,3,宁芷1,,
第一次战斗,,,,,,,0,,,
98,1,自动触发对话,弗洛,北桥楼五层,能感觉到它们也变强了。,,11,,,
,2,自动触发对话,（=pn）,北桥楼五层,,但我们的锻炼成果可不是白费的。,0,PC4,,
,3,自动触发对话,宁芷,北桥楼五层,准备好，我来为你们制造空隙。,,14,宁芷1,,
,4,自动触发对话,林风,北桥楼五层,我也会复制一次RollBack，为你分担压力。,,23,,,
,5,自动触发对话,宁芷,北桥楼五层,BSOD！,,5,宁芷1,,
,6,自动触发对话,旁白,北桥楼五层,湛蓝色的数据流从学姐脚下蔓延，与红色乱码接触的一瞬间便将其同化。,,32,,,
,7,自动触发对话,旁白,北桥楼五层,整个空间瞬间泛起了柔和的蓝光，同时学姐的身上也开始出现副作用带来的蓝色纹路。,,38,,,
,8,自动触发对话,弗洛/林风,北桥楼五层,RollBack！,,9,,,
,9,自动触发对话,旁白,北桥楼五层,眼前的画面一阵扭曲，失重感接踵而至，下一秒你们出现在了另一个第五层。,,34,,,
,10,自动触发对话,旁白,北桥楼五层,走廊的尽头便是StackOverflow的本体。,,24,,,
,11,自动触发对话,StackOverflow,北桥楼五层,（低沉的嘶吼）。,,8,,,
,12,自动触发对话,StackOverflow,北桥楼五层,（奋起的长啸）。,,8,,,
,13,自动触发对话,寰枢AI,北桥楼五层,它冲过来了，小心应对。,,11,,,
Boss战斗（战斗内文字）,,,,,,,0,,,
99,1,自动触发对话,寰枢AI,北桥楼五层,RollBack可以将StackOverflow的层数清除一回合。,,33,,,
,2,自动触发对话,寰枢AI,北桥楼五层,利用这个机制制造空隙，全力击溃它。,,17,,,
战斗结束后,,,,,,,0,,,
100,1,自动触发对话,纪远行,北桥楼五层,（=pn），我会找准时机用git push将你投送到附近。,,29,纪远行3,任务完成,
,2,自动触发对话,纪远行,北桥楼五层,趁着弗洛回溯的空隙接近它，全力一击。,,18,纪远行3,,
,3,自动触发对话,（=pn）,北桥楼五层,,来吧。,0,PC4,,
,4,自动触发对话,林风,北桥楼五层,我来辅助弗洛，尽可能的放大它的破绽。,,18,,,
,5,自动触发对话,纪远行,北桥楼五层,……,,2,纪远行3,,
,6,自动触发对话,纪远行,北桥楼五层,弗洛！,,3,纪远行6,,
,7,自动触发对话,弗洛,北桥楼五层,RollBack！,,9,,,
,8,自动触发对话,纪远行,北桥楼五层,git push！,,9,纪远行6,,
,9,自动触发对话,StackOverflow,北桥楼五层,（愤怒的嘶吼）,,7,,,
,10,自动触发对话,（=pn）,北桥楼五层,,不好……|还差一点……,0,PC4,,
,11,自动触发对话,黑幕文字,,BSOD。,,5,,,
,12,自动触发对话,StackOverflow,北桥楼五层,（痛苦的哀嚎）,,7,,,
,13,自动触发对话,林风,北桥楼五层,宁芷学姐的指令……复制一次的代价有点大啊……,,22,林风3,,
,14,自动触发对话,（=pn）,北桥楼五层,,就是现在！,0,PC9,,
,15,自动触发对话,旁白,北桥楼五层,你使出全力一击击中了StackOverflow，如同撼动一座山岳。,,33,,,
,16,自动触发对话,旁白,北桥楼五层,整个空间在一瞬间的停滞后猛烈震颤。,,17,,,
,17,自动触发对话,旁白,北桥楼五层,巨大的能量反应将你震飞，眼前的空间如同玻璃般瞬间破碎。,,27,,,
,18,自动触发对话,黑幕文字,,成功了。,,4,,,
,19,自动触发对话,黑幕文字,,你们回到了现实。,,8,,,
,20,自动触发对话,弗洛,北桥楼五层,我们赢了。,,5,,,
,21,自动触发对话,林风,北桥楼五层,太好了。,,4,林风9,,
,22,自动触发对话,纪远行,北桥楼五层,……,,2,纪远行3,,
,23,自动触发对话,纪远行,北桥楼五层,附近有另一个同样强大的失序体。,,15,纪远行5,,
,24,自动触发对话,（=pn）,北桥楼五层,,弗洛小心！,0,PC9,,
,25,自动触发对话,黑幕文字,,一个人形失序体悄无声息的出现在弗洛背后。,,20,,,
,26,自动触发对话,？？？,北桥楼五层,StackTrace。,,11,,,
,27,自动触发对话,黑幕文字,,弗洛失去意识倒在地上……,,12,,,
,28,自动触发对话,,,,那是……安澜的指令？,0,PC3,,
,29,自动触发对话,旁白,北桥楼五层,你看清了弗洛背后娇小的身影，她与那些扭曲的失序体不同。,,27,,,
,30,自动触发对话,旁白,北桥楼五层,能明显看出来人形。,,9,,,
,31,自动触发对话,纪远行,北桥楼五层,(=pn)小心！,,8,纪远行5,,
,32,自动触发对话,旁白,北桥楼五层,纪远行的声音将你从呆滞拉回现实。,,16,,,
,33,自动触发对话,旁白,北桥楼五层,此时你已经被传送到林风身边，那个人形失序体在你刚刚所在的位置留下了攻击产生的巨坑……,,42,,,
,34,自动触发对话,林风,北桥楼五层,我还能拼尽全力再用一次BSOD，你们快跑。,,21,林风3,,
,35,自动触发对话,纪远行,北桥楼五层,她的目标是（=pn）！,,11,纪远行6,,
,36,自动触发对话,林风,北桥楼五层,啧，来不及了。,,7,林风9,,
,37,自动触发对话,???,北桥楼五层,Sudo。,,5,,,
,38,自动触发对话,旁白,北桥楼五层,人形失序体身上出现了锁的标识，在离你只有不到一米的地方停住跌落在地上。,,35,,,
,39,自动触发对话,旁白,北桥楼五层,与此同时，面前的空间出现裂痕，宁芷出现在了你们面前,,,,,
,40,自动触发对话,宁芷,北桥楼五层,BSOD。,,5,宁芷1,,
,41,自动触发对话,宁芷,北桥楼五层,林风学妹，这个指令最好还是不要轻易复制。,,20,宁芷1,,
,42,自动触发对话,（=pn）,北桥楼五层,,她要逃走了！,0,PC4,,
,43,自动触发对话,旁白,北桥楼五层,人形失序体开始朝着走廊尽头后退，同时周围的空间也开始破碎。,,29,,,
,44,自动触发对话,宁芷,北桥楼五层,连这里也是循环的一部分吗？,,13,宁芷2,,
,45,自动触发对话,旁白,北桥楼五层,你们出现在了入口处。,,10,,,
,46,自动触发对话,宁芷,北桥楼五层,结束了。,,4,宁芷1,,
,,,,,,,,,,
101,1,自动触发对话,黑幕文字,,北桥楼恢复了正常，走廊尽头的教室被封锁，短时间内都不会出现溢出了。,,33,,,
,2,自动触发对话,黑幕文字,,校诊所内的安澜突然消失不见，监控中她如同傀儡般起身走到死角，人间蒸发般消失了。,,39,,,
,3,自动触发对话,黑幕文字,,一切尘埃落定，第一学期在遗憾与收获中结束了。,,22,,,
,4,自动触发对话,黑幕文字,,那个循环的空间，那个未知的人形失序体和安澜的联系，只能等下学期再探索...,,37,,,
,5,自动触发对话,黑幕文字,,图书馆某处,,5,,,
,6,自动触发对话,黑幕文字,,寰枢的核心机房中走出了一位少女。,,16,,,
,7,自动触发对话,林星瑶,图书馆,我不在的一学期，好像发生了很多事。,,17,,,
