0,1,纪远行,,怎么啦？,没事|关于生日|关于喜好|关于过去|关于未来|空闲时都在干什么|关于弗洛|关于林风|关于(=pn)|关于学业导师,,,1|2|3|4|5|6|7|8|9|10,,DefaultInterActiveJYX,,|好感度.纪远行.>=.20|好感度.纪远行.>=.30|好感度.纪远行.>=.35|好感度.纪远行.>=.40|好感度.纪远行.>=.45|好感度.纪远行.>=.50|好感度.纪远行.>=.50|好感度.纪远行.>=.50||好感度.纪远行.>=.50,
1,1,纪远行,,好的,
2,1,纪远行,,我的生日？,
2,2,纪远行,,农历八月十五。,
2,3,纪远行,,没错，就是中秋节。,
2,4,纪远行,,所以我总是有时间过生日。,,纪远行5,
3,1,纪远行,,我喜欢旅行，可惜学校不允许。,
3,2,纪远行,,好在校内还有后山，不过经常去后山也有点腻了。,,纪远行9,
3,3,纪远行,,要是学校能有更多设施就好了。,,纪远行9,
4,1,纪远行,,过去的事？高中吗？,,纪远行2,
4,2,纪远行,,抱歉，好像不怎么记得了。,
4,3,纪远行,,……怎么回事？,,纪远行2,
5,1,纪远行,,大概直接工作吧。,
5,2,纪远行,,我还挺喜欢敲代码的。,,纪远行5,
6,1,纪远行,,打游戏、看悬疑小说，在学校里乱逛。,
6,2,纪远行,,我会打游戏看小说很让人惊讶吗？,
7,1,纪远行,,上次我想约她一起出去逛逛，直到中午十二点她都没起床……,,纪远行9,
7,2,纪远行,,后来她跟我说她其实醒着，在玩手机，只是不想起床。,
7,3,纪远行,,还说下次直接喊她她就起来了。,
7,4,纪远行,,……唉，怎么能一直在床上躺着呢。,,纪远行9,
8,1,纪远行,,热情开朗的小女孩？,
8,2,纪远行,,哈哈，这可不算是调侃。,,纪远行5,
9,1,纪远行,,很外向？和你相处很舒服。,
10,1,纪远行,,他经常会给我一些建议，是个很好的老师。,
10,2,纪远行,,但是也经常催我去参加科研立项啊大创啊学科竞赛啊……,,纪远行9,
10,3,纪远行,,明明我都跟他说过了不想读研究生的。,,纪远行9,
