storyID,previousStoryID,TimeLimit
Beginner_01
Beginner_02
Beginner_03,Beginner_02
Beginner_04,Beginner_03
Beginner_05
Beginner_06,,时间.>=.2月1日23:00
1111
2222,Beginner_06,时间.>=.2月1日23:00
NightTip
3333
Semester_01
Semester_02,Semester_01
Semester_03
Semester_04
Semester_04_1,Semester_04
Semester_04_2
Semester_05_FL,Semester_05,时间.>=.2月2日13:00
Semester_05_JYX,Semester_05,时间.>=.2月2日13:00
Semester_05_LF,Semester_05,时间.>=.2月2日13:00
Semester_05_1,
Semester_05
Semester_06_1,Semester_05_1
Semester_06_2,Semester_05_1

